<?xml version="1.0" encoding="UTF-8"?>
<kcfg xmlns="http://www.kde.org/standards/kcfg/1.0" xmlns:xsi="http://www.w3.org/2001/XMLSchema-instance" xsi:schemaLocation="http://www.kde.org/standards/kcfg/1.0 http://www.kde.org/standards/kcfg/1.0/kcfg.xsd">
	<kcfgfile name=""/>

	<group name="General">
		<entry name="icon" type="string">
			<default>start-here-kde</default>
		</entry>
		<entry name="showAdvancedMode" type="Bool">
      			<default>false</default>
    		</entry>
		<entry name="aboutThisComputerSettings" type="String">
			<default>kinfocenter</default>
		</entry>
		<entry name="systemPreferencesSettings" type="String">
			<default>systemsettings5</default>
		</entry>
			<entry name="appStoreSettings" type="String">
		<default>plasma-discover</default>
			</entry>
		<entry name="forceQuitSettings" type="String">
			<default>xkill</default>
		</entry>
		<entry name="sleepSettings" type="String">
			<default>systemctl suspend</default>
		</entry>
		<entry name="restartSettings" type="String">
			<default>/sbin/reboot</default>
		</entry>
		<entry name="shutDownSettings" type="String">
			<default>/sbin/shutdown now</default>
		</entry>
		<entry name="lockScreenSettings" type="String">
			<default>qdbus org.freedesktop.ScreenSaver /ScreenSaver Lock</default>
		</entry>
		<entry name="logOutSettings" type="String">
			<default>qdbus org.kde.ksmserver /KSMServer logout 0 0 0</default>
		</entry>
	</group>
</kcfg>
